seq;firstname;lastname;age;street;date;email
1;Jennie;Osborne;64;Pasiko Plaza;08/25/1908;toku@uz.ws
2;Lawrence;Mitchell;53;Ashe Circle;03/16/2006;tofnuere@olcicaw.ad
3;Marguerite;Brewer;48;Vaew Terrace;09/05/1986;se@pib.aq
4;David;Alvarado;33;Fijba Place;03/05/1966;sujupefi@seh.io
5;Russell;Wagner;28;Nafhoc Parkway;06/28/1970;epijim@lurvek.lu
6;Ricardo;Graves;25;Riram Heights;01/23/1995;ebewa@egufuvko.nz
7;Edward;Garza;35;Vivse Point;07/15/1971;wezakne@rel.eu
8;Harriett;Owen;40;Demuve Glen;07/08/1998;opearzi@nis.dj
9;Jordan;Freeman;32;Citasi Glen;11/22/1905;johe@nifliri.ai
10;Ruth;Mack;19;Vaaw Manor;11/24/2017;suh@vamabki.lk
11;Zachary;Gonzalez;47;Jelru View;07/27/2040;awupjel@utono.dj
12;Susan;Myers;50;Erag Glen;04/05/2042;hebuju@ila.lr
13;Norman;Graham;56;Vesew Heights;09/05/1914;iha@paledid.jm
14;Christian;Bates;41;Zemzi Court;10/13/2012;kudjuz@vo.com
15;Steve;Mendez;48;Panaso Avenue;06/13/1951;mitnijelo@ru.gl
16;Danny;Hill;28;Utdo Manor;05/07/1988;fo@pu.be
17;Lulu;Curtis;63;Vujo Loop;04/17/1994;fif@ceddubi.aq
18;Andre;Soto;29;Zolcit Path;03/14/1948;biaba@pupcafu.bt
19;Alice;Lloyd;64;Rekfu Path;11/29/1933;onuboh@sisiw.aq
20;Frank;Gordon;60;Ecalo Road;06/16/1929;zorpiwoc@bac.ug
21;Oscar;Beck;24;Dekvu Parkway;12/14/2019;regse@wafugo.sb
22;Jacob;Thomas;18;Pesi Turnpike;11/20/1953;er@nophu.ls
23;Kate;McDaniel;38;Zasoz Pass;07/26/2031;ahoizes@kiji.net
24;Mina;Price;31;Omrap Mill;01/04/1958;dif@dukeli.mr
25;Beatrice;Weber;35;Buta Street;12/22/2025;vapgo@ureuk.pw
26;Clifford;Bryan;32;Garo Square;06/06/1907;si@odre.pf
27;Alejandro;Barnett;27;Ohzi Place;07/18/2010;utnicgo@pindol.nl
28;Jane;Reyes;43;Nemso Circle;01/08/1912;finet@okmuk.edu
29;Matthew;Palmer;20;Wosus Junction;10/22/1973;gi@wovasa.ru
30;Mathilda;Salazar;48;Pulpuh Mill;06/05/1962;heleku@toevkoz.gy
31;Ann;Powers;65;Kobtu Center;05/31/1987;za@far.kp
32;Gerald;McCarthy;48;Mirej Way;06/09/1953;ragpon@kiicuka.kh
33;Todd;Maxwell;23;Weco Terrace;10/18/1924;zul@moma.gp
34;Cameron;White;47;Ivivut Junction;12/02/2024;mogban@miugu.cr
35;Vernon;Ford;45;Cafpu Drive;05/10/2028;vubuc@oja.eu
36;Raymond;Chandler;60;Dejob Boulevard;09/13/2030;tihlil@nuwvu.co.uk
37;Steven;Gibbs;35;Zublup Heights;05/13/1905;jazgimej@iko.net
38;Georgie;Weaver;23;Ocwul Glen;06/09/2063;bemozhu@wac.ae
39;Flora;Gregory;63;Wukhe Ridge;09/12/1914;lofzilah@neh.sc
40;Daniel;Tran;27;Onuli Ridge;12/21/1982;bovcogto@ibedovzow.ht
41;Rena;Sherman;32;Mawzis Court;11/30/1943;zo@nujawa.at
42;Ricardo;Barker;53;Uwoduv Pike;09/11/2018;wici@riati.bb
43;Bessie;Townsend;25;Vosano Square;06/29/2020;ferhe@lof.ug
44;Phillip;Beck;47;Jocugu River;08/29/1923;bogot@dawenjil.mv
45;Bradley;Perez;43;Jeeme Point;04/30/2034;da@owvafezu.at
46;Glenn;Ingram;29;Umcuh Park;10/11/1921;fom@dimukmi.ye
47;Dylan;Moore;19;Apema Grove;05/24/2049;firropoh@gutan.pk
48;Mario;Bates;18;Late Park;05/03/2034;viritto@gum.tk
49;Ronald;Spencer;19;Ijoco Circle;08/09/2054;zivbewput@ufe.qa
50;Shawn;Bryant;39;Sosme Pass;06/04/1935;fo@ofofa.pt
